gene,mutant_sequence,concentration_nM,wt_sequence,reference,allele,binding_to,immune_response,binder,identified_by,X11,peptide_mutant,arb_mutant,bimas_mutant,comblibsidney_mutant,smm_mutant,smmpmbec_mutant,svmhc_mutant,syfpeithi_mutant,peptide_wt,arb_wt,bimas_wt,comblibsidney_wt,smm_wt,smmpmbec_wt,svmhc_wt,syfpeithi_wt
CSNK1A1,GLFGDIYLA,6,GSFGDIYLA,"Robbins et al., 2013 (dx.doi.org/10.1038/nm.3161)",C*04:06,MHC _Class_I,yes,yes,IFNgamma release,,,,,,,,,,,,,,,,,
CSNK1A1,GLFGDIYLAI,12,GSFGDIYLAI,"Robbins et al., 2013 (dx.doi.org/10.1038/nm.3161)",C*04:07,MHC _Class_I,yes,yes,IFNgamma release,,,,,,,,,,,,,,,,,
GAS7,SLADEAEVYL,12,SLADEAEVHL,"Robbins et al., 2013 (dx.doi.org/10.1038/nm.3161)",C*04:08,MHC _Class_I,yes,yes,IFNgamma release,,,,,,,,,,,,,,,,,
HAUS3,ILNAMIAKI,34,ILNAMITKI,"Robbins et al., 2013 (dx.doi.org/10.1038/nm.3161)",C*04:09,MHC _Class_I,yes,yes,IFNgamma release,,,,,,,,,,,,,,,,,
PLEKHM2,LTDDRLFTCY,3,LTDDRLFTCH,"Robbins et al., 2013 (dx.doi.org/10.1038/nm.3161)",C*04:10,MHC _Class_I,yes,yes,IFNgamma release,,,,,,,,,,,,,,,,,
PPP1R3B,YTDFHCQYV,49,YTDFPCQYV,"Robbins et al., 2013 (dx.doi.org/10.1038/nm.3161)",C*04:11,MHC _Class_I,yes,yes,IFNgamma release,,,,,,,,,,,,,,,,,
PPP1R3B,YTDFHCQYVK,100,YTDFPCQYVK,"Robbins et al., 2013 (dx.doi.org/10.1038/nm.3161)",C*04:12,MHC _Class_I,yes,yes,IFNgamma release,,,,,,,,,,,,,,,,,
MATN2,KTLTSVFQK,5,ETLTSVFQK,"Robbins et al., 2013 (dx.doi.org/10.1038/nm.3161)",C*04:13,MHC _Class_I,yes,yes,IFNgamma release,,,,,,,,,,,,,,,,,
MATN2,KTLTSVFQKK,9,ETLTSVFQKK,"Robbins et al., 2013 (dx.doi.org/10.1038/nm.3161)",C*04:14,MHC _Class_I,yes,yes,IFNgamma release,,,,,,,,,,,,,,,,,
CDK12,CILGKLFTK,33,CILGELFTK,"Robbins et al., 2013 (dx.doi.org/10.1038/nm.3161)",C*04:15,MHC _Class_I,yes,yes,IFNgamma release,,,,,,,,,,,,,,,,,
CDK12,CILGKLFTKK,45,CILGELFTKK,"Robbins et al., 2013 (dx.doi.org/10.1038/nm.3161)",C*04:16,MHC _Class_I,yes,yes,IFNgamma release,,,,,,,,,,,,,,,,,
CDKNA2,KMIGNHLWV,3.18 (logIC50),EMIGNHLWV,"Carreno et al., 2015 (dx.doi.org/10.1126/science.aaa3828 )",A*02:01,MHC _Class_I,yes,yes,HLA-A*02:01/AAS-peptide dextramer assay,,KMIGNHLWV,,966.966000014,0.000239883291902,29.5195681648,31.7270724263,0.656932036542,24.0,EMIGNHLWV,,20.7207000001,0.000298538261892,394.557224595,395.758270998,0.343102883833,20.0
TKT,AMFWSVPTV,2.35 (logIC50),AMFRSVPTV,"Carreno et al., 2015 (dx.doi.org/10.1126/science.aaa3828 )",A*02:01,MHC _Class_I,yes,yes,HLA-A*02:01/AAS-peptide dextramer assay,,AMFWSVPTV,,427.474320003,1.94984459976e-05,7.16324821112,6.79876453034,0.279798615693,28.0,AMFRSVPTV,,427.474320003,5.01187233627e-05,18.6255883395,20.296913459,0.208254050975,28.0
TMEM48,CLNEYHLFL,3.09 (logIC50),CLNEYHLFF,"Carreno et al., 2015 (dx.doi.org/10.1126/science.aaa3828 )",A*02:01,MHC _Class_I,yes,yes,HLA-A*02:01/AAS-peptide dextramer assay,,CLNEYHLFL,,481.722120005,0.00025003453617,49.6718116449,49.0263995204,0.628784285714,25.0,CLNEYHLFF,,1.68042600002,0.000311888958409,753.546401083,710.280677057,-0.17066497373,15.0
AKAP13,KLMNIQQKL,3.07 (logIC50),KLMNIQQQL,"Carreno et al., 2015 (dx.doi.org/10.1126/science.aaa3828 )",A*02:01,MHC _Class_I,yes,yes,HLA-A*02:01/AAS-peptide dextramer assay,,KLMNIQQKL,,276.643080004,1.31825673856e-05,62.2457924062,67.3643308247,0.26457833421,24.0,KLMNIQQQL,,276.643080004,1.34896288259e-05,55.3490281895,57.6009969239,0.302009007924,22.0
OR8B3,QLSCISTYV,3.10 (logIC50),QLSCTSTYV,"Carreno et al., 2015 (dx.doi.org/10.1126/science.aaa3828 )",A*02:01,MHC _Class_I,yes,yes,HLA-A*02:01/AAS-peptide dextramer assay,,QLSCISTYV,,382.536000006,0.000186637969083,35.7363341235,34.389827706,0.605794128275,20.0,QLSCTSTYV,,382.536000006,0.000234963282085,61.5332707125,59.4880865564,0.839327043996,20.0
SEC24A,FLYNLLTRV,2.6 (logIC50),FLYNPLTRV,"Carreno et al., 2015 (dx.doi.org/10.1126/science.aaa3828 )",A*02:01,MHC _Class_I,yes,yes,HLA-A*02:01/AAS-peptide dextramer assay,,FLYNLLTRV,0.304325573361,2354.75251205,8.51138038202e-07,3.14130423636,3.1946993986,1.02946719382,27.0,FLYNPLTRV,,2354.75251205,1.20226443462e-06,8.89426367119,9.40654202273,1.19577735902,27.0
EXOC8,IILVAVPHV,3.6 (logIC50),IILVAVQHV,"Carreno et al., 2015 (dx.doi.org/10.1126/science.aaa3828 )",A*02:01,MHC _Class_I,yes,yes,HLA-A*02:01/AAS-peptide dextramer assay,,IILVAVPHV,,138.353707801,5.53350109216e-05,87.1184219352,87.1826368154,0.263408242418,27.0,IILVAVQHV,,138.353707801,0.000100693166885,230.73315257,231.969026554,0.488504969037,26.0
MRPS5,HLYASLSRV,3.28 (logIC50),HPYASLSRV,"Carreno et al., 2015 (dx.doi.org/10.1126/science.aaa3828 )",A*02:01,MHC _Class_I,yes,yes,HLA-A*02:01/AAS-peptide dextramer assay,,HLYASLSRV,,17.4046924802,4.31717844471e-06,50.945989294,51.1010707205,0.671366949307,25.0,HPYASLSRV,,0.113613964801,4.28351211946e-05,6762.54238324,6783.12780584,-0.640363999894,15.0
PABC1,MLGEQLFPL,2.35 (logIC50),MLGERLFPL,"Carreno et al., 2015 (dx.doi.org/10.1126/science.aaa3828 )",A*02:01,MHC _Class_I,yes,yes,HLA-A*02:01/AAS-peptide dextramer assay,,MLGEQLFPL,,1986.27167953,2.8973435877e-05,5.86286642947,5.60312098446,0.510654095562,26.0,MLGERLFPL,,1986.27167953,2.19785987278e-05,7.0812511869,6.62872496637,0.615936995096,26.0
CASP8,ELLVRINRL,60.55,ELLFRINRL,"Tran et al., 2015 (10.1126/science.aad1253)",B*08:01,MHC _Class_I,yes,yes,reactive in co-culture experiments; IFNgamma release,,ELLVRINRL,,15.9999999998,1.59220872705e-05,100.357538338,112.753491753,,28.0,ELLFRINRL,,15.9999999998,1.32434153519e-05,78.6230704093,93.1386631351,,27.0
KRAS,GADGVGKSAL,445.13,GAGGVGKSAL,"Tran et al., 2015 (10.1126/science.aad1253)",C*05:01,MHC _Class_I,yes,yes,reactive in co-culture experiments; IFNgamma release,,,,,,,,,,,,,,,,,
KRAS,GADGVGKSAL,747.54,GAGGVGKSAL,"Tran et al., 2015 (10.1126/science.aad1253)",C*08:02,MHC _Class_I,yes,yes,reactive in co-culture experiments; IFNgamma release,,,,,,,,,,,,,,,,,
SKIV2L,MLFSHGLVK,6.96,MLFSRGLVK,"Tran et al., 2015 (10.1126/science.aad1253)",A*03:01,MHC _Class_I,yes,yes,reactive in co-culture experiments; IFNgamma release,,MLFSHGLVK,,200.0,,4.68597535309,4.35873032486,,30.0,MLFSRGLVK,,200.0,,5.10269957859,4.80131279252,,32.0
SKIV2L,EMLFSHGLVK,314.13,EMLFSRGLVK,"Tran et al., 2015 (10.1126/science.aad1253)",A*03:01,MHC _Class_I,yes,yes,reactive in co-culture experiments; IFNgamma release,,EMLFSHGLVK,,,,68.4226672766,57.6859434655,,22.0,EMLFSRGLVK,,,,65.1928549134,50.9412972111,,22.0
API5,RLLQCTQQAV,36.48,RLLQCTRQAV,"Tran et al., 2015 (10.1126/science.aad1253)",A*02:01,MHC _Class_I,yes,yes,reactive in co-culture experiments; IFNgamma release,,RLLQCTQQAV,,,,36.6842800317,25.8119015511,1.28707712235,23.0,RLLQCTRQAV,,,,49.3719181118,46.3254876862,1.02627776551,23.0
API5,LLQCTQQAV,63.06,LLQCTRQAV,"Tran et al., 2015 (10.1126/science.aad1253)",A*02:01,MHC _Class_I,yes,yes,reactive in co-culture experiments; IFNgamma release,,LLQCTQQAV,11.4067668368,118.238400002,6.54636174067e-05,156.354361364,149.427317458,0.561930802601,23.0,LLQCTRQAV,,118.238400002,0.000180301774086,387.355743649,395.758270998,0.716869806156,23.0
PHLPP1,ILCETCLIV,76.48,ILCGTCLIV,"Tran et al., 2015 (10.1126/science.aad1253)",A*02:01,MHC _Class_I,yes,yes,reactive in co-culture experiments; IFNgamma release,,ILCETCLIV,,198.758750403,8.87156012038e-05,41.7936209947,37.1903272606,1.20950113648,25.0,ILCGTCLIV,,48.4777440006,0.000114287833479,81.8672118721,76.283392695,1.3959194737,25.0
ZFYVE27,EHEGSGPEL,1874.13,EREGSGPEL,"Tran et al., 2015 (10.1126/science.aad1253)",B*38:01,MHC _Class_I,yes,yes,reactive in co-culture experiments; IFNgamma release,,EHEGSGPEL,,180.0,,824.270961089,944.691483151,,24.0,EREGSGPEL,,0.600000000004,,6354.33343352,3429.96746061,,20.0
ZFYVE27,SEHEGSGPEL,3279.14,SEREGSGPEL,"Tran et al., 2015 (10.1126/science.aad1253)",B*38:01,MHC _Class_I,yes,yes,reactive in co-culture experiments; IFNgamma release,,SEHEGSGPEL,,,,,,,11.0,SEREGSGPEL,,,,,,,11.0
BCL2A1,DYLQYVLQI,,DYLQCVLQI,"van der Lee et al., 2016 (10.1371/journal.pone.0162808)",A*24:02,MHC _Class_I,yes,yes,identified as natural T-cell ligands by forward approaches,,DYLQYVLQI,,75.0000000001,,130.806703196,114.277307665,1.00025043801,23.0,DYLQCVLQI,,75.0000000001,,110.568139017,103.029122274,0.851374342877,23.0
BCL2A1,KEFEDDIINW,,KEFEDGIINW,"van der Lee et al., 2016 (10.1371/journal.pone.0162808)",B*44:02,MHC _Class_I,yes,yes,identified as natural T-cell ligands by forward approaches,,KEFEDDIINW,,,,114.522283767,155.521343739,,27.0,KEFEDGIINW,,,,89.3079252077,90.5294746227,,27.0
BCL2A1,KEFEDDIINW,,KEFEDGIINW,"van der Lee et al., 2016 (10.1371/journal.pone.0162808)",B*44:03,MHC _Class_I,yes,yes,identified as natural T-cell ligands by forward approaches,,KEFEDDIINW,,,,391.805023527,324.42924808,,,KEFEDGIINW,,,,345.99514116,233.410290966,,
CTSH,ATLPLLCAR,,ATLPLLCAG,"van der Lee et al., 2016 (10.1371/journal.pone.0162808)",A*31:01,MHC _Class_I,yes,yes,identified as natural T-cell ligands by forward approaches,,ATLPLLCAR,,4.0,,36.4309083619,33.3364999005,,,ATLPLLCAG,,0.00400000000001,,49713.0032013,11910.2259335,,
CTSH,WATLPLLCAR,,WATLPLLCAG,"van der Lee et al., 2016 (10.1371/journal.pone.0162808)",A*33:03,MHC _Class_I,yes,yes,identified as natural T-cell ligands by forward approaches,,,,,,,,,,,,,,,,,
DPH1,SVLPEVDVW,,SLLPEVDVW,"van der Lee et al., 2016 (10.1371/journal.pone.0162808)",B*57:01,MHC _Class_I,yes,yes,identified as natural T-cell ligands by forward approaches,,SVLPEVDVW,,,,147.170240641,144.082090143,,,SLLPEVDVW,,,,341.837733265,401.430161369,,
HMHA1,VLHDDLLEA,,VLRDDLLEA,"van der Lee et al., 2016 (10.1371/journal.pone.0162808)",A*02:01,MHC _Class_I,yes,yes,identified as natural T-cell ligands by forward approaches,,VLHDDLLEA,,79.6420080007,0.000137404197501,63.5491871621,62.5791990041,0.348648075893,23.0,VLRDDLLEA,,6.05279260802,0.000244906324184,161.476750039,157.55420549,0.319041990697,23.0
MYO1G,YIGEVLVSV,,YIGEVLVSM,"van der Lee et al., 2016 (10.1371/journal.pone.0162808)",A*02:01,MHC _Class_I,yes,yes,identified as natural T-cell ligands by forward approaches,,YIGEVLVSV,,414.841165206,0.000402717034325,17.664851871,16.38437955,0.954890944418,30.0,YIGEVLVSM,,29.6315118003,0.00338844156139,158.164859539,144.687162615,-0.0525706608248,24.0
AKAP13,VTEPGTAQY,,VMEPGTAQY,"van der Lee et al., 2016 (10.1371/journal.pone.0162808)",A*01:01,MHC _Class_I,yes,yes,identified as natural T-cell ligands by forward approaches,,VTEPGTAQY,,2249.99999999,,351.196355163,358.44291457,,32.0,VMEPGTAQY,,449.999999998,,1961.32696859,1997.19283804,,26.0
KIAA0020,RTLDKVLEV,,PTLDKVLEV,"van der Lee et al., 2016 (10.1371/journal.pone.0162808)",A*02:01,MHC _Class_I,yes,yes,identified as natural T-cell ligands by forward approaches,,RTLDKVLEV,,33.7047060003,4.44631267469e-05,104.498486403,101.25815268,0.476168402269,25.0,PTLDKVLEV,,0.74150353201,5.3554997084e-05,959.643663468,996.391467861,0.20266914783,22.0
HMHB1,EEKRGSLHVW,,EEKRGSLYVW,"van der Lee et al., 2016 (10.1371/journal.pone.0162808)",B*44:03,MHC _Class_I,yes,yes,identified as natural T-cell ligands by forward approaches,,EEKRGSLHVW,,,,258.267643535,279.331555623,,,EEKRGSLYVW,,,,258.267643535,200.041452824,,
HEATR1,ISKERAEAL,,ISKERAGAL,"van der Lee et al., 2016 (10.1371/journal.pone.0162808)",B*08:01,MHC _Class_I,yes,yes,identified as natural T-cell ligands by forward approaches,,ISKERAEAL,,119.999999998,2.09411245585e-05,345.581113784,342.081824616,,32.0,ISKERAGAL,,119.999999998,2.95801246655e-05,355.263017294,325.184622303,,32.0
C19ORF48,CIPPDSLLFPA,,CIPPDTLLFPA,"van der Lee et al., 2016 (10.1371/journal.pone.0162808)",A*02:01,MHC _Class_I,yes,yes,identified as natural T-cell ligands by forward approaches,,CIPPDSLLFPA,,,,758.420389269,135.263306652,,,CIPPDTLLFPA,,,,595.538715669,128.286217436,,
TOR3A,SVAPALALFPA,,SVAPALALSPA,"van der Lee et al., 2016 (10.1371/journal.pone.0162808)",A*02:01,MHC _Class_I,yes,yes,identified as natural T-cell ligands by forward approaches,,SVAPALALFPA,,,,5766.46950929,1854.30000721,,,SVAPALALSPA,,,,6996.96980911,2717.56537205,,
APOBEC3B,KPQYHAEMCF,,EPQYHAEMCF,"van der Lee et al., 2016 (10.1371/journal.pone.0162808)",B*07:02,MHC _Class_I,yes,yes,identified as natural T-cell ligands by forward approaches,,KPQYHAEMCF,,,,434.330172069,483.760049459,,17.0,EPQYHAEMCF,,,,3571.24791634,4662.61976139,,17.0
APOBEC3B,KPQYHAEMCF,,EPQYHAEMCF,"van der Lee et al., 2016 (10.1371/journal.pone.0162808)",B*08:01,MHC _Class_I,yes,yes,identified as natural T-cell ligands by forward approaches,,KPQYHAEMCF,,,,22994.289772,11285.4790788,,,EPQYHAEMCF,,,,15944.8339189,8923.18711437,,
ARHGDIB,LPRACWREA,,LPRACWPEA,"van der Lee et al., 2016 (10.1371/journal.pone.0162808)",B*07:02,MHC _Class_I,yes,yes,identified as natural T-cell ligands by forward approaches,,LPRACWREA,,19.9999999999,1.89670592121e-05,26.5393327705,29.7961395759,,19.0,LPRACWPEA,,19.9999999999,5.86138164514e-05,69.3250194346,83.7837896163,,20.0
BCAT2,QPRRALLFVIL,,QPTRALLFVIL,"van der Lee et al., 2016 (10.1371/journal.pone.0162808)",B*07:02,MHC _Class_I,yes,yes,identified as natural T-cell ligands by forward approaches,,QPRRALLFVIL,,,,14249.8403928,1133.86147604,,,QPTRALLFVIL,,,,14249.8403928,1427.44702564,,
C16ORF,RPCPSVGLSFL,,WPCPSVGLSFL,"van der Lee et al., 2016 (10.1371/journal.pone.0162808)",B*07:02,MHC _Class_I,yes,yes,identified as natural T-cell ligands by forward approaches,,RPCPSVGLSFL,,,,4454.61320368,9366.1260877,,,WPCPSVGLSFL,,,,6558.58271328,7578.09420875,,
C19ORF48,TAWPGAPEV,,TAWPGAPGV,"van der Lee et al., 2016 (10.1371/journal.pone.0162808)",B*51:01,MHC _Class_I,yes,yes,identified as natural T-cell ligands by forward approaches,,TAWPGAPEV,,220.0,0.000427562886152,2640.15849874,2973.17176614,0.0468840777816,21.0,TAWPGAPGV,,220.0,0.000590201080172,3887.1383661,3708.6854461,-0.131325608269,21.0
CCL4,CADPSETWV,,CADPSESWV,"van der Lee et al., 2016 (10.1371/journal.pone.0162808)",A*02:01,MHC _Class_I,yes,yes,identified as natural T-cell ligands by forward approaches,,CADPSETWV,,2.12520000002,0.000127702676598,2512.52273364,2681.82231408,0.35675195019,16.0,CADPSESWV,,2.12520000002,6.54937714593e-05,3373.72749079,3651.15272883,0.0881574112258,16.0
CLYBL,SLAAYIPRL,,SLAADIPRL,"van der Lee et al., 2016 (10.1371/journal.pone.0162808)",A*02:01,MHC _Class_I,yes,yes,identified as natural T-cell ligands by forward approaches,,SLAAYIPRL,,49.1335200005,1.09647819614e-05,15.7801090457,16.2715902746,1.2033070637,30.0,SLAADIPRL,,49.1335200005,1.47910838817e-05,40.5611257427,43.9977026203,0.932230202195,29.0
CYBA,STMERWGQKY,,STMERWGQKH,"van der Lee et al., 2016 (10.1371/journal.pone.0162808)",A*01:01,MHC _Class_I,yes,yes,identified as natural T-cell ligands by forward approaches,,STMERWGQKY,,,,705.992357894,650.938561737,,23.0,STMERWGQKH,,,,43331.1285212,17319.685436,,8.0
DHX33,YLYEGGISC,,YLYEGGISR,"van der Lee et al., 2016 (10.1371/journal.pone.0162808)",A*02:01,MHC _Class_I,yes,yes,identified as natural T-cell ligands by forward approaches,,YLYEGGISC,,299.828736005,3.59169954787e-05,114.316784466,128.952569416,0.497348739735,19.0,YLYEGGISR,,0.89948620802,3.61742886764e-05,264.30781229,295.413270017,0.330775758729,19.0
DHX33,YLYEGGISC,,YLYEGGISR,"van der Lee et al., 2016 (10.1371/journal.pone.0162808)",C*03:03,MHC _Class_I,yes,yes,identified as natural T-cell ligands by forward approaches,,YLYEGGISC,,,,30.8042046503,60.9214175272,,,YLYEGGISR,,,,30.8042046503,48.9519503837,,
EBI3,RPRARYYIQV,,RPRARYYVQV,"van der Lee et al., 2016 (10.1371/journal.pone.0162808)",B*07:02,MHC _Class_I,yes,yes,identified as natural T-cell ligands by forward approaches,,RPRARYYIQV,,,,58.8599650653,41.6514380141,,20.0,RPRARYYVQV,,,,48.1748088368,33.0849132315,,22.0
TYMP,RPHAIRRPLAL,,RPRAIRRPLAL,"van der Lee et al., 2016 (10.1371/journal.pone.0162808)",B*07:02,MHC _Class_I,yes,yes,identified as natural T-cell ligands by forward approaches,,RPHAIRRPLAL,,,,210.770584551,578.841952796,,,RPRAIRRPLAL,,,,210.770584551,517.082690648,,
ERAP1,HPRQEQIAL,,HPPQEQIAL,"van der Lee et al., 2016 (10.1371/journal.pone.0162808)",B*07:02,MHC _Class_I,yes,yes,identified as natural T-cell ligands by forward approaches,,HPRQEQIAL,,799.999999994,1.25892541179e-05,8.37317175921,6.85740816174,,23.0,HPPQEQIAL,,79.9999999997,5.19995996534e-05,131.48917485,115.920434416,,21.0
ERAP1,HPRQEQIALLA,,HPPQEQIALLA,"van der Lee et al., 2016 (10.1371/journal.pone.0162808)",B*07:02,MHC _Class_I,yes,yes,identified as natural T-cell ligands by forward approaches,,HPRQEQIALLA,,,,3637.55861334,4513.98384025,,,HPPQEQIALLA,,,,3637.55861334,5591.90777295,,
FUCA2,RLRQVGSWL,,RLRQMGSWL,"van der Lee et al., 2016 (10.1371/journal.pone.0162808)",B*07:02,MHC _Class_I,yes,yes,identified as natural T-cell ligands by forward approaches,,RLRQVGSWL,,39.9999999998,1.71395730751e-05,153.069971028,166.019843449,,14.0,RLRQMGSWL,,39.9999999998,6.51628394061e-06,96.358493172,109.688222806,,14.0
GEMIN4,FPALRFVEV,,FPALRFVEE,"van der Lee et al., 2016 (10.1371/journal.pone.0162808)",B*07:02,MHC _Class_I,yes,yes,identified as natural T-cell ligands by forward approaches,,FPALRFVEV,,4.0,0.000322329459546,88.6931337749,81.3130029162,,20.0,FPALRFVEE,,0.200000000001,0.000627046863731,1551.9938644,1132.81763181,,14.0
GEMIN4,FPALRFVEV,,FPALRFVEE,"van der Lee et al., 2016 (10.1371/journal.pone.0162808)",B*08:01,MHC _Class_I,yes,yes,identified as natural T-cell ligands by forward approaches,,FPALRFVEV,,2.39999999999,2.88403150313e-06,88.4198960508,78.1861808999,,18.0,FPALRFVEE,,0.0799999999999,5.6234132519e-06,229.377069536,260.693378251,,18.0
GLE1,GQVRLRALY,,GQIRLRALY,"van der Lee et al., 2016 (10.1371/journal.pone.0162808)",B*15:01,MHC _Class_I,yes,yes,identified as natural T-cell ligands by forward approaches,,GQVRLRALY,,79.9999999997,0.00011220184543,179.887091513,208.905560559,0.795170615272,20.0,GQIRLRALY,,79.9999999997,1.54881661891e-05,92.4698173938,101.146299858,1.13579664799,21.0
GSTP1,DLRCKYVSL,,DLRCKYISL,"van der Lee et al., 2016 (10.1371/journal.pone.0162808)",B*08:01,MHC _Class_I,yes,yes,identified as natural T-cell ligands by forward approaches,,DLRCKYVSL,,319.999999996,5.13570417848e-06,45.2428547096,42.9665021753,,33.0,DLRCKYISL,,319.999999996,1.70059148422e-05,80.4544369814,86.1251517241,,32.0
MOB3A,CPRPGTWTC,,SPRPGTWTC,"van der Lee et al., 2016 (10.1371/journal.pone.0162808)",B*07:02,MHC _Class_I,yes,yes,identified as natural T-cell ligands by forward approaches,,CPRPGTWTC,,19.9999999999,0.000654636174067,1101.26034219,718.05878518,,14.0,SPRPGTWTC,,19.9999999999,0.000452897579904,311.809971818,242.192115112,,14.0
NCAPD3,WLQGVVPVV,,WLRGVVPVV,"van der Lee et al., 2016 (10.1371/journal.pone.0162808)",A*02:01,MHC _Class_I,yes,yes,identified as natural T-cell ligands by forward approaches,,WLQGVVPVV,,301.702665605,1.03038612044e-05,24.952266488,24.4585101967,1.21865485759,27.0,WLRGVVPVV,,22.9294025859,1.56314764264e-05,79.2702084096,77.8807275535,1.26134536272,27.0
NDC80,HLEEQIPKV,,HLEEQIAKV,"van der Lee et al., 2016 (10.1371/journal.pone.0162808)",A*02:01,MHC _Class_I,yes,yes,identified as natural T-cell ligands by forward approaches,,HLEEQIPKV,,1.42718478338,1.61510216763e-05,157.076060305,143.360662735,0.939904279968,28.0,HLEEQIAKV,,1.42718478338,6.88969505481e-05,215.332706973,197.437662185,1.19596102054,29.0
NUP133,SEDLILCRL,,SEDLILCQL,"van der Lee et al., 2016 (10.1371/journal.pone.0162808)",B*40:01,MHC _Class_I,yes,yes,identified as natural T-cell ligands by forward approaches,,SEDLILCRL,,193.599999999,,89.1045743646,111.206455849,,24.0,SEDLILCQL,,193.599999999,,80.7049178912,76.0553904081,,25.0
OAS1,ETDDPRRYQKY,,ETDDPRTYQKY,"van der Lee et al., 2016 (10.1371/journal.pone.0162808)",A*01:01,MHC _Class_I,yes,yes,identified as natural T-cell ligands by forward approaches,,ETDDPRRYQKY,,,,1815.59927228,38922.4348164,,33.0,ETDDPRTYQKY,,,,1452.17849134,17668.5129845,,33.0
PDCD11,GPDSSKTFLCL,,GPDSSKTLLCL,"van der Lee et al., 2016 (10.1371/journal.pone.0162808)",B*07:02,MHC _Class_I,yes,yes,identified as natural T-cell ligands by forward approaches,,GPDSSKTFLCL,,,,1367.13058719,8405.43124403,,,GPDSSKTLLCL,,,,837.162950603,7595.56352007,,
PFAS,APGHTRRKL,,ASGHTRRKL,"van der Lee et al., 2016 (10.1371/journal.pone.0162808)",B*07:02,MHC _Class_I,yes,yes,identified as natural T-cell ligands by forward approaches,,APGHTRRKL,,359.999999999,6.45654229035e-06,31.1092828783,30.8432404793,,24.0,ASGHTRRKL,,18.0,6.3929307491e-05,3629.86104423,3759.75893414,,14.0
PNP,TQAQIFDYSEI,,TQAQIFDYGEI,"van der Lee et al., 2016 (10.1371/journal.pone.0162808)",B*13:02,MHC _Class_I,yes,yes,identified as natural T-cell ligands by forward approaches,,,,,,,,,,,,,,,,,
PRCP,FMWDVAEDLKA,,FMWDVAEELKA,"van der Lee et al., 2016 (10.1371/journal.pone.0162808)",A*02:01,MHC _Class_I,yes,yes,identified as natural T-cell ligands by forward approaches,,FMWDVAEDLKA,,,,1034.92767364,412.268354626,,,FMWDVAEELKA,,,,1034.92767364,391.002919362,,
SON,SETKQRTVL,,SETKQCTVL,"van der Lee et al., 2016 (10.1371/journal.pone.0162808)",B*40:01,MHC _Class_I,yes,yes,identified as natural T-cell ligands by forward approaches,,SETKQRTVL,,159.999999999,,55.0680882847,70.0051515306,,25.0,SETKQCTVL,,159.999999999,,43.9440418892,38.5593762511,,24.0
SRGN,ESSVQGYPTRR,,ESSVQGYPTQR,"van der Lee et al., 2016 (10.1371/journal.pone.0162808)",A*68:01,MHC _Class_I,yes,yes,identified as natural T-cell ligands by forward approaches,,,,,,,,,,,,,,,,,
SWAP70,MEQLEQLEL,,MEQLEELEL,"van der Lee et al., 2016 (10.1371/journal.pone.0162808)",B*40:01,MHC _Class_I,yes,yes,identified as natural T-cell ligands by forward approaches,,MEQLEQLEL,,319.999999999,,233.292082556,263.7120653,,27.0,MEQLEELEL,,319.999999999,,119.922314002,142.275460515,,28.0
TTK,RLHDGRVFV,,RLHEGRVFV,"van der Lee et al., 2016 (10.1371/journal.pone.0162808)",A*02:01,MHC _Class_I,yes,yes,identified as natural T-cell ligands by forward approaches,,RLHDGRVFV,,1568.39760002,1.8879913491e-05,65.9340874828,66.4400575557,1.52953602768,25.0,RLHEGRVFV,,1568.39760002,3.435579479e-05,73.1324293033,74.5469706823,1.39805083188,26.0
USP15,MPSHLRNILL,,MPSHLRNTLL,"van der Lee et al., 2016 (10.1371/journal.pone.0162808)",B*07:02,MHC _Class_I,yes,yes,identified as natural T-cell ligands by forward approaches,,MPSHLRNILL,,,,464.322789644,431.151597912,,22.0,MPSHLRNTLL,,,,307.482214347,303.829542723,,23.0
WNK1,RTLSPEIITV,,RTLSPEMITV,"van der Lee et al., 2016 (10.1371/journal.pone.0162808)",A*02:01,MHC _Class_I,yes,yes,identified as natural T-cell ligands by forward approaches,,RTLSPEIITV,,,,162.360357905,158.788848749,0.815432318489,22.0,RTLSPEMITV,,,,188.139506278,183.155514895,0.288034752717,18.0
ZDHHC6,RPRYWILLVKI,,RPRHWILLVKI,"van der Lee et al., 2016 (10.1371/journal.pone.0162808)",B*07:02,MHC _Class_I,yes,yes,identified as natural T-cell ligands by forward approaches,,RPRYWILLVKI,,,,2896.07630271,2347.25352535,,,RPRHWILLVKI,,,,2316.38103202,1834.67861983,,
ZNFX1,NEIEDVWQLDL,,NEIEDVWHLDL,"van der Lee et al., 2016 (10.1371/journal.pone.0162808)",B*40:01,MHC _Class_I,yes,yes,identified as natural T-cell ligands by forward approaches,,,,,,,,,,,,,,,,,
P2RX7,WFHHCHPKY,,WFHHCRPKY,"van der Lee et al., 2016 (10.1371/journal.pone.0162808)",A*29:02,MHC _Class_I,yes,yes,identified as natural T-cell ligands by forward approaches,,WFHHCHPKY,,,,21.2696331778,19.4075181058,,,WFHHCRPKY,,,,29.975055784,34.1169343665,,
SLC1A5,AEATANGGLAL,,AEPTANGGLAL,"van der Lee et al., 2016 (10.1371/journal.pone.0162808)",B*40:02,MHC _Class_I,yes,yes,identified as natural T-cell ligands by forward approaches,,AEATANGGLAL,,,,960.926123132,11626.259172,,,AEPTANGGLAL,,,,983.3089679,15255.9761115,,
SP110,SLPRGTSTPK,,SLPGGTSTPK,"van der Lee et al., 2016 (10.1371/journal.pone.0162808)",A*03:01,MHC _Class_I,yes,yes,identified as natural T-cell ligands by forward approaches,,SLPRGTSTPK,,,,42.4815153515,66.2323248994,,25.0,SLPGGTSTPK,,,,35.4160400426,52.2480396103,,24.0
KIAA1551,QLLNSVLTL,,QLPNSVLTL,"van der Lee et al., 2016 (10.1371/journal.pone.0162808)",A*02:01,MHC _Class_I,yes,yes,identified as natural T-cell ligands by forward approaches,,QLLNSVLTL,,181.794024002,7.6032627694e-05,107.426147152,115.725748919,0.568994142444,29.0,QLPNSVLTL,,49.1335200005,0.00024831331053,346.027009958,374.481182936,0.315639903191,27.0
MED15,DANSFLQSV,10,DANPFLQSV,"Kalaora et al., 2016 (10.18632/oncotarget.6960)",B*51:01,MHC _Class_I,yes,yes,IFNgamma production,,DANSFLQSV,,242.0,0.000128824955169,2777.34608153,4085.2628056,-0.190022933755,23.0,DANPFLQSV,,242.0,0.00030199517204,3073.47723016,4180.4208006,-0.126884536859,23.0
SIRT2,KIFSEVTLK,,KIFSEVTPK,"Lennerz et al., 2005 (10.1073/pnas.0500090102)",A*03:011,MHC _Class_I,yes,yes,,,,,,,,,,,,,,,,,,
GPNMB,TLDWLLQTPK,,TLGWLLQTPK,"Lennerz et al., 2005 (10.1073/pnas.0500090102)",A*03:011,MHC _Class_I,yes,yes,,,,,,,,,,,,,,,,,,
SNRP116,KILDAVVAQK,,KILDAVVAQE,"Lennerz et al., 2005 (10.1073/pnas.0500090102)",A*03:011,MHC _Class_I,yes,yes,,,,,,,,,,,,,,,,,,
RBAF600,RPHVPESAF,,GPHVPESAF,"Lennerz et al., 2005 (10.1073/pnas.0500090102)",B*07:021,MHC _Class_I,yes,yes,,,,,,,,,,,,,,,,,,
SNRPD1,SHETVIIEL,,SHETVTIEL,"Lennerz et al., 2005 (10.1073/pnas.0500090102)",B*38:01,MHC _Class_I,yes,yes,,,SHETVIIEL,,117.0,,230.18127959,196.015312822,,25.0,SHETVTIEL,,117.0,,379.376128253,404.846137337,,24.0
MUM-3,EAFIQPITR,,EASIQPITR,"Baurain et al., 2000 (10.4049/â€‹jimmunol.164.11.6057 )",A*28:012,MHC _Class_I,yes,yes,T cell stimulation,,,,,,,,,,,,,,,,,
MUM-1,EEKLIVVLF,,EEKLSVVLF,"Coulie et al., 1995 (http://www.pnas.org/content/92/17/7976.long)",B*44:02,MHC _Class_I,yes,yes,sensitize HLA-B44+ B cells to lysis by CTL,,EEKLIVVLF,,,,561.823628134,513.665029729,,27.0,EEKLSVVLF,,,,446.272370762,362.810627509,,26.0
LPGAT1,AEPINIQTW,,AEPIDIQTW,"Gueguen et al., 1998 (http://www.jimmunol.org/content/160/12/6188.long)",B*44:03,MHC _Class_I,yes,yes,lysis by CTL,,AEPINIQTW,,36.0000000001,,159.034006447,208.794954599,,,AEPIDIQTW,,36.0000000001,,201.599755007,249.298692064,,
MYO1B,KINKNPKYK,5,EINKNPKYK,"Zorn, Hercend, 1999 (http://onlinelibrary.wiley.com/doi/10.1002/(SICI)1521-4141(199902)29:02%3C592::AID-IMMU592%3E3.0.CO;2-2/epdf)",A*03:01,MHC _Class_I,yes,yes,sensitize LCL to lysis by V g 16+T cells,,KINKNPKYK,,3.00000000001,,64.8335795122,64.1741315202,,22.0,EINKNPKYK,,0.299999999999,,876.597040321,883.812215877,,19.0
EEF2,ETVSEQSNV,,ETVSEESNV,"Hogan et al., 1998 (https://www.ncbi.nlm.nih.gov/pubmed/9823325)",A*68:02,MHC _Class_I,yes,yes,lysis by CTL,,ETVSEQSNV,,,7.32824533139e-06,26.8899503292,30.8773485338,,,ETVSEESNV,,,1.58489319246e-06,46.1944712007,52.5581415235,,
p53,VVPCEPPEV,,VVPYEPPEV,"Ito et al.,  2007 (10.1002/ijc.22584)",A*02:01,MHC _Class_I,yes,yes,IFNgamma secretion,"the p53 T150R, V157F and E271K peptides failed ex vivo to yield anti-peptide CD8+ T cell effectors; The p53 mutant S149C and Y220H peptides also appear capable of inducing anti-wt p53 peptide CD8+ T cell effectors",VVPCEPPEV,,10.3458600001,0.000411149721105,449.893791525,415.365096903,-0.482152704868,18.0,VVPYEPPEV,,10.3458600001,0.000326587832172,563.78043451,569.416437645,-0.512949613439,17.0
ME1,FLDEFMEGV,2,FLDEFMEAV,"Karanikas et al., 2001 (http://cancerres.aacrjournals.org/content/61/9/3718.long)",A*02:01,MHC _Class_I,yes,yes,lysis by CTL,,FLDEFMEGV,,2247.08145343,2.04173794467e-06,2.76764255722,2.63894294074,1.14460563723,25.0,FLDEFMEAV,,2247.08145343,2.57039578277e-06,2.72339101308,2.59077680382,1.23675295121,25.0
HSP70-2,SLFEGIDIYT,,SLFEGIDFYT,"Gaudin et al., 1999 (http://www.jimmunol.org/content/162/3/1730.long)",A*02:01,MHC _Class_I,yes,,stimulate TNF release,,SLFEGIDIYT,,,,37.4524299158,34.4207239233,0.474110714788,19.0,SLFEGIDFYT,,,,22.308994684,20.6928352478,0.999863368409,19.0
N-ras,ILDTAGREEY,,ILDTAGQEEY,"Linard et al., 2002 (http://www.jimmunol.org/content/168/9/4802.long)",A*01:01,MHC _Class_I,yes,,induce specific CTL expansion from PBL,,ILDTAGREEY,,,,297.714508771,269.488352887,,28.0,ILDTAGQEEY,,,,284.970562734,215.546015964,,27.0
Prdx5,LLLDDLLVSI,,LLLDDSLVSI,"Sensi et al., 2005 (http://cancerres.aacrjournals.org/content/65/2/632.long)",A*02:01,MHC _Class_I,yes,,T cell recognition,,LLLDDLLVSI,,,,21.1095998027,20.0826028586,0.0612223622616,31.0,LLLDDSLVSI,,,,28.3452309587,28.6299111345,0.157057797516,31.0
NFYC,QQITKTEV,,QQITQTEV,"Takenoyama et al., 2006 (http://onlinelibrary.wiley.com/doi/10.1002/ijc.21594/full)",B*52:01,MHC _Class_I,yes,,CTL recognition,,QQITKTEV,,24.1999999999,,,,,,QQITQTEV,,24.1999999999,,,,,
HSDL,CYMEAVAL,,CYMEALAL,"Wick et al., 2014 (http://clincancerres.aacrjournals.org/content/20/5/1125)",C*14:03,MHC _Class_I,yes,,CTL recognition,,,,,,,,,,,,,,,,,
ATR,KLYEEPLLK,,KLYEEPLSK,"van Rooij et al., 2013 (http://ascopubs.org/doi/full/10.1200/JCO.2012.47.7521)",A*03:01,MHC _Class_I,yes,,T cell recognition,,KLYEEPLLK,,900.000000003,,5.24565833124,6.37323599062,,32.0,KLYEEPLSK,,900.000000003,,8.7256944277,11.0245278777,,34.0
GAPDH,GIVEGLITTV,,GIVEGLMTTV,"Zhou et al., 2005 (https://www.ncbi.nlm.nih.gov/pmc/articles/PMC2175172/)",A*02:01,MHC _Class_I,yes,,T cell recognition,,GIVEGLITTV,,,,163.8626598,175.719516656,0.771824275538,27.0,GIVEGLMTTV,,,,189.880339696,202.68424895,0.244426709767,23.0
KIAA1440,QTACEVLDY,,QTTCEVLDY,"Zhou et al., 2005 (http://cancerres.aacrjournals.org/content/65/3/1079?ijkey=80d7823264de4bb00a0aebcf1952b70f216be77d&keytype2=tf_ipsecsha)",A*01:01,MHC _Class_I,yes,,TNFalpha release,,QTACEVLDY,,6.24999999997,,189.910947257,234.649698216,,25.0,QTTCEVLDY,,6.24999999997,,311.565957889,344.68310775,,25.0
CSNK1A1,FQLNQSFEI,,SQLNQSFEI,"Robbins et al., 2013 (dx.doi.org/10.1038/nm.3161)",A*02:01,MHC _Class_I,no,,,,FQLNQSFEI,,104.41882332,4.57088189615e-05,37.0774621303,40.0340935795,-1.04301940064,13.0,SQLNQSFEI,,22.6997441999,0.00036307805477,193.245771635,214.501335265,-1.02412001795,14.0
UNC13A,RMLDKNPEV,,RMLDKNPES,"Robbins et al., 2013 (dx.doi.org/10.1038/nm.3161)",A*02:01,MHC _Class_I,no,,,,RMLDKNPEV,,762.019440006,7.87045789695e-06,8.89426367119,8.85992407047,0.568367000359,25.0,RMLDKNPES,,0.816449400002,7.72680585096e-05,419.865315842,430.953090975,-0.599670932974,15.0
CAMKK2,HLMDGDLGL,,NLMDGDLGL,"Robbins et al., 2013 (dx.doi.org/10.1038/nm.3161)",A*02:01,MHC _Class_I,no,,,,HLMDGDLGL,,11.0182986721,5.19039010197e-05,35.3272636895,33.684491838,1.05209058927,26.0,NLMDGDLGL,,324.067608003,4.49779854893e-05,40.4678377422,41.0610451955,0.921355193481,26.0
WDR47,MLFLRFCYI,,MLFLRFRYI,"Robbins et al., 2013 (dx.doi.org/10.1038/nm.3161)",A*02:01,MHC _Class_I,no,,,,MLFLRFCYI,,685.753160406,4.78630092323e-05,22.1875832542,20.484718487,0.261639938001,19.0,MLFLRFRYI,,137.150632082,7.37904230129e-05,64.1372005512,64.1844760018,0.142297000135,19.0
BRCA2,YLTSLACVEI,,YPTSLACVEI,"Robbins et al., 2013 (dx.doi.org/10.1038/nm.3161)",A*02:01,MHC _Class_I,no,,,,YLTSLACVEI,,,,131.062968425,124.974094858,2.42013490464,23.0,YPTSLACVEI,,,,7235.69079925,6634.68028922,0.988059812549,13.0
RRP1B,LLADQNFKFI,,LLADQNLKFI,"Robbins et al., 2013 (dx.doi.org/10.1038/nm.3161)",A*02:01,MHC _Class_I,no,,,,LLADQNFKFI,,,,653.852818276,559.525649455,0.341520201271,22.0,LLADQNLKFI,,,,466.100962765,424.44361033,0.748511770137,26.0
HAUS3,AMIAKISNEL,,AMITKISNEL,"Robbins et al., 2013 (dx.doi.org/10.1038/nm.3161)",A*02:01,MHC _Class_I,no,,,,AMIAKISNEL,,,,447.177558027,504.452176299,-1.05489764278,25.0,AMITKISNEL,,,,597.695519159,592.679628517,-1.06262945034,25.0
NOTCH2,ALGTLLHTNV,,ALGTLLHTNL,"Robbins et al., 2013 (dx.doi.org/10.1038/nm.3161)",A*02:01,MHC _Class_I,no,,,,ALGTLLHTNV,,,,158.664584953,184.850232009,1.57288964957,22.0,ALGTLLHTNL,,,,521.77107524,589.95651298,0.66705740485,22.0
UNC13A,SVVDVFFQL,,SVVDVFSQL,"Robbins et al., 2013 (dx.doi.org/10.1038/nm.3161)",A*02:01,MHC _Class_I,no,,,,SVVDVFFQL,,84.4546462204,0.00089536476555,118.880329459,109.756436954,0.262705219822,17.0,SVVDVFSQL,,14.5611459001,0.00132434153519,602.712224323,576.009969239,0.00208578789217,17.0
PLCB1,FSDKKVGTY,,LSDKKVGTY,"Robbins et al., 2013 (dx.doi.org/10.1038/nm.3161)",A*01:01,MHC _Class_I,no,,,,FSDKKVGTY,,3.75000000002,,49.9516685882,61.1533144011,,30.0,LSDKKVGTY,,3.75000000002,,62.4525247268,79.8766789834,,31.0
HEG1,HSEYSSFFY,,HSEYSSFFH,"Robbins et al., 2013 (dx.doi.org/10.1038/nm.3161)",A*01:01,MHC _Class_I,no,,,,HSEYSSFFY,,337.499999998,,111.827856375,88.5972006552,,27.0,HSEYSSFFH,,6.74999999996,,5414.3957983,3600.9741189,,12.0
BAI3,CSNFLLLAY,,CSNFSLLAY,"Robbins et al., 2013 (dx.doi.org/10.1038/nm.3161)",A*01:01,MHC _Class_I,no,,,,CSNFLLLAY,,3.74999999998,,57.2202828145,56.6787155854,,23.0,CSNFSLLAY,,3.74999999998,,68.0064335797,73.1846499675,,22.0
UEVLD,FTGTISVMY,,FTGTIPVMY,"Robbins et al., 2013 (dx.doi.org/10.1038/nm.3161)",A*01:01,MHC _Class_I,no,,,,FTGTISVMY,,2.5,,180.946422053,126.596004757,,21.0,FTGTIPVMY,,2.5,,183.041682871,135.338076576,,21.0
TBRG4,ATALLEYLEY,,ATALLEYPEY,"Robbins et al., 2013 (dx.doi.org/10.1038/nm.3161)",A*01:01,MHC _Class_I,no,,,,ATALLEYLEY,,,,230.038220829,281.539931105,,28.0,ATALLEYPEY,,,,361.243465564,491.518648655,,25.0
LRP2,WADWGHRTY,,WADWGHRAY,"Robbins et al., 2013 (dx.doi.org/10.1038/nm.3161)",A*01:01,MHC _Class_I,no,,,,WADWGHRTY,,25.0,,380.671181468,360.09741189,,26.0,WADWGHRAY,,25.0,,272.615158066,229.837029481,,26.0
RNPEP,VSDGFTAVM,,VPDGFTAVM,"Robbins et al., 2013 (dx.doi.org/10.1038/nm.3161)",A*01:01,MHC _Class_I,no,,,,VSDGFTAVM,,1.5,,705.586072973,726.808503808,,16.0,VPDGFTAVM,,0.25,,13108.4094982,14501.7361785,,12.0
MUC16,STFFLAHGLK,,STFSLAHGLK,"Robbins et al., 2013 (dx.doi.org/10.1038/nm.3161)",A*11:01,MHC _Class_I,no,,,,STFFLAHGLK,,,,10.1123012742,11.1642614898,0.834995362073,26.0,STFSLAHGLK,,,,15.3055873412,17.6534665907,0.908831525468,27.0
SALL1,MTFLGGNLVK,,MTFLGGNPVK,"Robbins et al., 2013 (dx.doi.org/10.1038/nm.3161)",A*11:01,MHC _Class_I,no,,,,MTFLGGNLVK,,,,25.8136846357,37.224596597,1.00643822818,26.0,MTFLGGNPVK,,,,47.9567783185,71.0935171096,0.823922735091,22.0
CUL3,MSFYLREQGK,,MSSYLREQGK,"Robbins et al., 2013 (dx.doi.org/10.1038/nm.3161)",A*11:01,MHC _Class_I,no,,,,MSFYLREQGK,,,,307.5034552,413.837650722,0.504835548634,21.0,MSSYLREQGK,,,,264.758553702,349.808211486,0.124648665133,20.0
CUL3,KTMCECMSFY,,KTMCECMSSY,"Robbins et al., 2013 (dx.doi.org/10.1038/nm.3161)",A*11:01,MHC _Class_I,no,,,,KTMCECMSFY,,,,77.7767873137,112.157933795,-0.580940116084,10.0,KTMCECMSSY,,,,161.75212691,264.746361401,-0.574775162727,10.0
SELPLG,VVLAVRLSCK,,VVLAVRLSRK,"Robbins et al., 2013 (dx.doi.org/10.1038/nm.3161)",A*11:01,MHC _Class_I,no,,,,VVLAVRLSCK,,,,63.3650818218,75.3060728343,-0.0906280524245,22.0,VVLAVRLSRK,,,,57.7896414582,70.2797163488,-0.0983495991675,22.0
ATP10D,ASLDGASLEK,,ASPDGASLEK,"Robbins et al., 2013 (dx.doi.org/10.1038/nm.3161)",A*11:01,MHC _Class_I,no,,,,ASLDGASLEK,,,,13.9910400571,14.349276361,1.17443020974,31.0,ASPDGASLEK,,,,21.6695553563,26.7811979783,1.40472996775,30.0
NBAS,QALRFYDYK,,QALRFHDYK,"Robbins et al., 2013 (dx.doi.org/10.1038/nm.3161)",A*11:01,MHC _Class_I,no,,,,QALRFYDYK,,0.300000000001,,68.438423992,59.1602499217,0.20924526346,12.0,QALRFHDYK,,0.300000000001,,85.1726186646,77.2733961823,0.435158927156,12.0
AMPH,KTLKINEVK,,KTLKINEVE,"Robbins et al., 2013 (dx.doi.org/10.1038/nm.3161)",A*11:01,MHC _Class_I,no,,,,KTLKINEVK,,4.50000000001,,81.90303589,81.4760563743,0.635219362921,22.0,KTLKINEVE,,0.00450000000002,,11542.5031036,18072.9896549,-0.520768380894,12.0
KIN,AIANRIKFK,,AIANRIKSK,"Robbins et al., 2013 (dx.doi.org/10.1038/nm.3161)",A*11:01,MHC _Class_I,no,,,,AIANRIKFK,,0.200000000001,,80.0386951809,81.2886666446,0.190007857474,21.0,AIANRIKSK,,0.200000000001,,152.159824962,174.996756793,0.199615755085,21.0
ZNF266,HTAKDSFECK,,HTAKDPFECK,"Robbins et al., 2013 (dx.doi.org/10.1038/nm.3161)",A*11:01,MHC _Class_I,no,,,,HTAKDSFECK,,,,117.719931306,160.631235588,0.340475653769,22.0,HTAKDPFECK,,,,135.472142733,180.231210667,0.40215931704,22.0
KIN,KAIANRIKFK,,KAIANRIKSK,"Robbins et al., 2013 (dx.doi.org/10.1038/nm.3161)",A*11:01,MHC _Class_I,no,,,,KAIANRIKFK,,,,78.3159102477,82.5714669,0.27990170106,13.0,KAIANRIKSK,,,,162.87333909,194.908150299,0.286066654417,13.0
ZNF667,RIHTSAKPYK,,RIHTSEKPYK,"Robbins et al., 2013 (dx.doi.org/10.1038/nm.3161)",A*11:01,MHC _Class_I,no,,,,RIHTSAKPYK,,,,86.666248944,71.4216698747,0.277538802337,17.0,RIHTSEKPYK,,,,102.766129519,98.1363723334,0.263090236571,17.0
AMPH,KINEVKTRK,,KINEVETRK,"Robbins et al., 2013 (dx.doi.org/10.1038/nm.3161)",A*11:01,MHC _Class_I,no,,,,KINEVKTRK,,1.20000000001,,99.3802305681,109.403193671,0.443278263517,16.0,KINEVETRK,,1.20000000001,,129.211152443,150.324580304,0.324985061879,16.0
BCL11A,SLSPIEMKK,,SPSPIEMKK,"Robbins et al., 2013 (dx.doi.org/10.1038/nm.3161)",A*11:01,MHC _Class_I,no,,,,SLSPIEMKK,,0.800000000003,,62.9941180549,61.8059092673,0.198200791468,20.0,SPSPIEMKK,,0.400000000002,,137.182906489,141.263512263,0.0686992678459,14.0
ZNF644,KMTVVILQK,,KMTVVVLQK,"Robbins et al., 2013 (dx.doi.org/10.1038/nm.3161)",A*11:01,MHC _Class_I,no,,,,KMTVVILQK,,2.40000000001,,58.9250554664,59.8452933297,0.479712389959,22.0,KMTVVVLQK,,2.40000000001,,53.6166900595,54.203833179,0.593514491026,22.0
SCG2,DVFKVIAYLK,,DVSKVIAYLK,"Robbins et al., 2013 (dx.doi.org/10.1038/nm.3161)",A*11:01,MHC _Class_I,no,,,,DVFKVIAYLK,,,,112.680820319,140.873725512,0.00121898951519,24.0,DVSKVIAYLK,,,,97.0174822859,119.077580014,-0.378967893985,23.0
FAM19A5,QTACCACRK,,QTARCACRK,"Robbins et al., 2013 (dx.doi.org/10.1038/nm.3161)",A*11:01,MHC _Class_I,no,,,,QTACCACRK,,1.0,,165.310332724,179.072954898,1.25612547743,22.0,QTARCACRK,,1.0,,158.598837611,174.19271973,1.1101597598,22.0
SALL1,LVKFPEMFQK,,PVKFPEMFQK,"Robbins et al., 2013 (dx.doi.org/10.1038/nm.3161)",A*11:01,MHC _Class_I,no,,,,LVKFPEMFQK,,,,63.9513917052,58.9970097387,0.134128310489,20.0,PVKFPEMFQK,,,,238.698670452,245.374823378,0.187886140578,20.0
LARP7,AVIDAYTEI,,AVINAYTEI,"Carreno et al., 2015 (dx.doi.org/10.1126/science.aaa3828 )",A*02:01,MHC _Class_I,no,6,,,AVIDAYTEI,,5.61415050004,0.000564936974812,367.375339143,343.89827706,-0.6435895927,19.0,AVINAYTEI,,1.36930500001,0.000695024317589,916.452583834,900.388625554,-0.963567058663,18.0
MRPS17,VLLRALPVL,,VLLRALPVP,"Carreno et al., 2015 (dx.doi.org/10.1126/science.aaa3828 )",A*02:01,MHC _Class_I,no,5,,,VLLRALPVL,,126.710434729,6.57657837355e-05,67.1598936892,72.5153587722,0.292036909379,28.0,VLLRALPVP,,0.0884026288811,9.88780743627e-05,1807.63191293,1965.30518528,-0.484260508041,18.0
SMOX,KLANPLPYT,,KLAKPLPYT,"Carreno et al., 2015 (dx.doi.org/10.1126/science.aaa3828 )",A*02:01,MHC _Class_I,no,131,,,KLANPLPYT,,329.937300005,2.42661009508e-05,179.518826236,183.835762174,-0.229471371055,23.0,KLAKPLPYT,,329.937300005,6.83911647281e-05,217.826142204,230.372163007,-0.398926771018,23.0
SRP9,IMAHCILDL,,IIAHCILDL,"Carreno et al., 2015 (dx.doi.org/10.1126/science.aaa3828 )",A*02:01,MHC _Class_I,no,0,,,IMAHCILDL,,60.3250440002,0.00063095734448,65.9340874828,69.092355671,0.418915717581,27.0,IIAHCILDL,,11.4849603001,0.00085703784523,365.687402784,370.194532282,0.239163265855,27.0
ARFGEF1,FVSALCMFL,,FVSALRMFL,"Carreno et al., 2015 (dx.doi.org/10.1126/science.aaa3828 )",A*02:01,MHC _Class_I,no,,,,FVSALCMFL,,47.2910130007,6.79203632617e-05,55.7326893242,53.7563781095,-0.399911802022,16.0,FVSALRMFL,,47.2910130007,0.000135518941235,206.590335056,212.534775202,-0.404654896981,16.0
HSD17B7,YISKCWDYA,,YISKCWDHA,"Carreno et al., 2015 (dx.doi.org/10.1126/science.aaa3828 )",A*02:01,MHC _Class_I,no,,,,YISKCWDYA,,14.3962641902,0.00290402265446,228.091972013,207.696893075,-0.820847943872,14.0,YISKCWDHA,,2.61750258003,0.00818464788135,570.308704264,548.820089131,-0.956285127896,14.0
PRKCDBP,CLFPQTLAA,,CLSPQTLAA,"Carreno et al., 2015 (dx.doi.org/10.1126/science.aaa3828 )",A*02:01,MHC _Class_I,no,,,,CLFPQTLAA,,18.3816000002,5.34564359397e-05,153.854428016,161.968291082,0.397660127449,21.0,CLSPQTLAA,,4.96800000004,0.000154170045295,416.015967489,449.189917975,0.42155400522,20.0
UTRN,QLDKCSAFV,,QLDQCSAFV,"Carreno et al., 2015 (dx.doi.org/10.1126/science.aaa3828 )",A*02:01,MHC _Class_I,no,,,,QLDKCSAFV,,153.014400002,1.23310483323e-05,36.4846345097,40.1263816964,0.201193455791,22.0,QLDQCSAFV,,153.014400002,7.6032627694e-06,40.1892591067,43.8965107123,0.388177531643,22.0
ARFGEF1,QTIDNIVFL,,QTIDNIVFF,"Carreno et al., 2015 (dx.doi.org/10.1126/science.aaa3828 )",A*02:01,MHC _Class_I,no,,,,QTIDNIVFL,,15.3883455001,0.000121059813355,382.921719118,368.493642908,0.0808918469439,23.0,QTIDNIVFF,,0.0536802750003,0.000151008015416,5809.11534696,5338.63218055,-0.718557412501,13.0
GPX8,LLSIVPCTV,,LLSIVLCTV,"Carreno et al., 2015 (dx.doi.org/10.1126/science.aaa3828 )",A*02:01,MHC _Class_I,no,,,,LLSIVPCTV,,118.238400002,0.000216770410482,52.9797616349,53.3863218055,1.06567000934,24.0,LLSIVLCTV,,271.948320004,0.000127643880881,28.3863791999,28.2767830642,1.12064313564,28.0
KDM1B,IIGAGPAEL,,IIGAGPAGL,"Carreno et al., 2015 (dx.doi.org/10.1126/science.aaa3828 )",A*02:01,MHC _Class_I,no,,,,IIGAGPAEL,,4.99346100002,0.00167880401812,554.766208769,542.53779752,0.258231134881,26.0,IIGAGPAGL,,4.99346100002,0.00226464430759,814.910662009,791.461875761,0.214231682924,25.0
PHKA2,LLSIIFFPA,,LLSIISFPA,"Carreno et al., 2015 (dx.doi.org/10.1126/science.aaa3828 )",A*02:01,MHC _Class_I,no,,,,LLSIIFFPA,,93.0705120005,9.68277856261e-05,24.2722479531,24.012092075,0.159289592905,16.0,LLSIISFPA,,48.9844800003,0.000143218789927,36.9071066662,37.4481182936,-0.118876769906,16.0
,ACEVLDYFLR,,TCEVLDYFLR,"Zhou et al., 2005 (http://cancerres.aacrjournals.org/content/65/3/1079?ijkey=80d7823264de4bb00a0aebcf1952b70f216be77d&keytype2=tf_ipsecsha)",A*01:01,MHC _Class_I,no,,,,ACEVLDYFLR,,,,21369.7774825,18601.1587834,,12.0,TCEVLDYFLR,,,,13861.1735124,12148.9851161,,11.0
CACNA1B,HPQASSAVGF,24.5,HPQAGSAVGF,"Wick et al., 2014 (http://clincancerres.aacrjournals.org/content/20/5/1125)",B*35:01,MHC _Class_I,no,,,,HPQASSAVGF,,,,425.500426759,448.900407869,,,HPQAGSAVGF,,,,422.571302424,415.097387437,,
COPB2,EEHAQNVSCAS,828.4,EGHAQNVSCAS,"Wick et al., 2014 (http://clincancerres.aacrjournals.org/content/20/5/1125)",B*18:01,MHC _Class_I,no,,,,EEHAQNVSCAS,,,,13373.6514427,34372.4113067,,,EGHAQNVSCAS,,,,20618.1644868,35992.3331446,,
CXCR4,EENANFYKIF,18.6,EENANFNKIF,"Wick et al., 2014 (http://clincancerres.aacrjournals.org/content/20/5/1125)",B*18:01,MHC _Class_I,no,,,,EENANFYKIF,,,,2161.92189553,760.588929689,,,EENANFNKIF,,,,3161.1128486,1455.96186516,,
EIF2C2,VTRRHASHQTF,83,VTRRPASHQTF,"Wick et al., 2014 (http://clincancerres.aacrjournals.org/content/20/5/1125)",C*12:03,MHC _Class_I,no,,,,,,,,,,,,,,,,,,,
FAM162A,ISYLMIALMVV,42.9,ISYLMIALTVV,"Wick et al., 2014 (http://clincancerres.aacrjournals.org/content/20/5/1125)",C*12:03,MHC _Class_I,no,,,,,,,,,,,,,,,,,,,
LRFN5,TLPQSVSKQSV,602.7,TLPQSVSKQAV,"Wick et al., 2014 (http://clincancerres.aacrjournals.org/content/20/5/1125)",C*12:03,MHC _Class_I,no,,,,,,,,,,,,,,,,,,,
NLRP1,FLGDINPQHSW,767.9,FLGEINPQHSW,"Wick et al., 2014 (http://clincancerres.aacrjournals.org/content/20/5/1125)",C*12:03,MHC _Class_I,no,,,,,,,,,,,,,,,,,,,
NLRP4,FEFCEDDLW,717.2,FEFCEDDLR,"Wick et al., 2014 (http://clincancerres.aacrjournals.org/content/20/5/1125)",B*18:01,MHC _Class_I,no,,,,FEFCEDDLW,,,,770.974475168,708.859232209,0.66160784493,16.0,FEFCEDDLR,,,,1419.18822774,1401.39318119,0.463197801065,10.0
PCGF5,VTECLNTFCK,28.1,VTECLHTFCK,"Wick et al., 2014 (http://clincancerres.aacrjournals.org/content/20/5/1125)",A*11:01,MHC _Class_I,no,,,,VTECLNTFCK,,,,53.0701114902,56.7322489527,0.209482843072,20.0,VTECLHTFCK,,,,56.2147132915,74.2728347799,0.209482843072,20.0
PCGF5,TVTECLNTFCK,45.5,TVTECLHTFCK,"Wick et al., 2014 (http://clincancerres.aacrjournals.org/content/20/5/1125)",A*11:01,MHC _Class_I,no,,,,TVTECLNTFCK,,,,107.91951875,18.6423217825,,,TVTECLHTFCK,,,,110.687862286,18.5566680943,,
PLXNB2,FMASNDEGV,234.7,FVASNDEGV,"Wick et al., 2014 (http://clincancerres.aacrjournals.org/content/20/5/1125)",C*12:03,MHC _Class_I,no,,,,FMASNDEGV,,,,49.5689820143,53.7563781095,,,FVASNDEGV,,,,33.2054981558,30.5794732391,,
PREX2,YLFRGRINPEV,45.3,YLFRGRINTEV,"Wick et al., 2014 (http://clincancerres.aacrjournals.org/content/20/5/1125)",C*12:03,MHC _Class_I,no,,,,,,,,,,,,,,,,,,,
SERPINA12,TPLVIKIDKPY,23.1,TPLVVKIDKPY,"Wick et al., 2014 (http://clincancerres.aacrjournals.org/content/20/5/1125)",B*35:01,MHC _Class_I,no,,,,TPLVIKIDKPY,,,,751.017401551,591.902262457,,,TPLVVKIDKPY,,,,759.7137732,635.69676302,,
SERPINA12,LPMETPLVI,48.7,LPMETPLVV,"Wick et al., 2014 (http://clincancerres.aacrjournals.org/content/20/5/1125)",B*35:01,MHC _Class_I,no,,,,LPMETPLVI,,16.0,0.000444631267469,108.287917047,83.6835316113,-0.225794643977,,LPMETPLVV,,8.0,0.00041686938347,108.038861749,92.8196657155,0.0060987717013,
SLC12A1,RIYVGGKINHI,65.8,RIYVGGKINRI,"Wick et al., 2014 (http://clincancerres.aacrjournals.org/content/20/5/1125)",C*12:03,MHC _Class_I,no,,,,,,,,,,,,,,,,,,,
SLC23A2,SIGDYYTCAR,204.2,SIGDYYACAR,"Wick et al., 2014 (http://clincancerres.aacrjournals.org/content/20/5/1125)",A*11:01,MHC _Class_I,no,,,,SIGDYYTCAR,,,,462.221348228,409.100490306,-0.35866595519,19.0,SIGDYYACAR,,,,523.419622629,513.842473987,-0.545767302821,20.0
SPATA16,YMHTDLQALHM,13.3,YMYTDLQALHM,"Wick et al., 2014 (http://clincancerres.aacrjournals.org/content/20/5/1125)",C*12:03,MHC _Class_I,no,,,,,,,,,,,,,,,,,,,
SPATA16,YMHTDLQAL,14.8,YMYTDLQAL,"Wick et al., 2014 (http://clincancerres.aacrjournals.org/content/20/5/1125)",C*12:03,MHC _Class_I,no,,,,YMHTDLQAL,,,,213.899613581,169.601621471,,,YMYTDLQAL,,,,107.698585657,77.3446003961,,
TNFSF14,WATSSSRVW,1097,RATSSSRVW,"Wick et al., 2014 (http://clincancerres.aacrjournals.org/content/20/5/1125)",B*35:01,MHC _Class_I,no,,,,WATSSSRVW,,1.5,0.00329609712177,273.892411627,191.707895638,-0.970718301327,,RATSSSRVW,,3.00000000001,0.00504661297564,3300.50199805,2206.17520864,-0.735718550816,
TOP2A,GPTFNCLLDM,537.3,GPTFNYLLDM,"Wick et al., 2014 (http://clincancerres.aacrjournals.org/content/20/5/1125)",B*35:01,MHC _Class_I,no,,,,GPTFNCLLDM,,,,3403.29816842,2466.89122415,,,GPTFNYLLDM,,,,3295.33825474,2383.14243547,,
TTC5,HLNRAMLHK,22,HLNRATLHK,"Wick et al., 2014 (http://clincancerres.aacrjournals.org/content/20/5/1125)",A*11:01,MHC _Class_I,no,,,,HLNRAMLHK,,0.800000000003,,141.677211352,142.570607449,0.470896703229,20.0,HLNRATLHK,,0.800000000003,,153.214546481,162.566104856,0.398661618645,20.0
ACSS2,KIFIEWLK,13,KIFIEWMK,"Wick et al., 2014 (http://clincancerres.aacrjournals.org/content/20/5/1125)",A*11:01,MHC _Class_I,no,,,,KIFIEWLK,,,,3739.03904235,1558.29615832,,,KIFIEWMK,,,,2784.58192652,1551.13643783,,
AP1B1,FHGESTQVQL,660.6,FHDESTQVQL,"Wick et al., 2014 (http://clincancerres.aacrjournals.org/content/20/5/1125)",C*03:03,MHC _Class_I,no,,,,,,,,,,,,,,,,,,,
APOB,KSEALKLFL,479.3,KAEALKLFL,"Wick et al., 2014 (http://clincancerres.aacrjournals.org/content/20/5/1125)",C*05:01,MHC _Class_I,no,,,,KSEALKLFL,,,,58.8396390639,234.029174112,,,KAEALKLFL,,,,19.6639155321,147.322812072,,
ARL4C,SLKQKKKP,34863.7,SLKQKKKR,"Wick et al., 2014 (http://clincancerres.aacrjournals.org/content/20/5/1125)",B*15:01,MHC _Class_I,no,,,,,,,,,,,,,,,,,,,
ATP2A1,SVISQLMKK,10.8,SVIRQLMKK,"Wick et al., 2014 (http://clincancerres.aacrjournals.org/content/20/5/1125)",A*11:01,MHC _Class_I,no,,,,SVISQLMKK,,6.0,,11.0484155387,11.2987396091,0.330066686605,25.0,SVIRQLMKK,,6.0,,12.3111890396,13.1531568784,0.459721737839,24.0
ATP2A1,SVISQLMK,12.1,SVIRQLMK,"Wick et al., 2014 (http://clincancerres.aacrjournals.org/content/20/5/1125)",A*11:01,MHC _Class_I,no,,,,SVISQLMK,,,,4827.91927628,3619.51182655,,,SVIRQLMK,,,,7173.9773307,3528.98652449,,
ATP2A1,VISQLMKK,45.6,VIRQLMKK,"Wick et al., 2014 (http://clincancerres.aacrjournals.org/content/20/5/1125)",A*11:01,MHC _Class_I,no,,,,VISQLMKK,,,,16097.558054,2881.70818466,,,VIRQLMKK,,,,21915.9348133,6304.49057782,,
CIC,LGVVESAK,4207.8,LGVVESGK,"Wick et al., 2014 (http://clincancerres.aacrjournals.org/content/20/5/1125)",A*11:01,MHC _Class_I,no,,,,LGVVESAK,,,,6233.90242098,32783.0986065,,,LGVVESGK,,,,17209.1729812,20074.7432736,,
CNNM2,MALTASTVPL,20.3,MALTASPVPL,"Wick et al., 2014 (http://clincancerres.aacrjournals.org/content/20/5/1125)",C*03:03,MHC _Class_I,no,,,,,,,,,,,,,,,,,,,
CNNM2,VMALTASTVPL,41.3,VMALTASPVPL,"Wick et al., 2014 (http://clincancerres.aacrjournals.org/content/20/5/1125)",C*03:03,MHC _Class_I,no,,,,,,,,,,,,,,,,,,,
CNNM2,ALTASTVPL,44.8,ALTASPVPL,"Wick et al., 2014 (http://clincancerres.aacrjournals.org/content/20/5/1125)",A*02:01,MHC _Class_I,no,,,,ALTASTVPL,,21.3624000002,1.62181009736e-05,112.748299382,107.011388703,0.545698788943,25.0,ALTASPVPL,,21.3624000002,7.58577575029e-05,131.859067466,126.307750336,0.476171306124,23.0
CNTNAP2,ATNAKDSSSR,274.1,ATNARDSSSR,"Wick et al., 2014 (http://clincancerres.aacrjournals.org/content/20/5/1125)",A*11:01,MHC _Class_I,no,,,,ATNAKDSSSR,,,,215.699927932,302.572880659,-0.146827702118,22.0,ATNARDSSSR,,,,168.985717485,201.757645004,0.130918107873,22.0
COL16A1,KAGECGLK,132.3,KAGERGLK,"Wick et al., 2014 (http://clincancerres.aacrjournals.org/content/20/5/1125)",A*11:01,MHC _Class_I,no,,,,KAGECGLK,,,,1793.74209437,4452.9723658,,,KAGERGLK,,,,1576.73969034,5065.82286635,,
DCAF12L1,VAWHSEVGLPL,65.1,VAWHSEVGLPV,"Wick et al., 2014 (http://clincancerres.aacrjournals.org/content/20/5/1125)",C*03:03,MHC _Class_I,no,,,,,,,,,,,,,,,,,,,
DCAF4L2,GMLCSFQTPDA,323.5,GMLCSFQIPDA,"Wick et al., 2014 (http://clincancerres.aacrjournals.org/content/20/5/1125)",A*02:01,MHC _Class_I,no,,,,GMLCSFQTPDA,,,,3998.61876735,605.591819552,,,GMLCSFQIPDA,,,,3998.61876735,487.730595633,,
DIP2A,ALFTWTNLLVV,6.9,AVFTWTNLLVV,"Wick et al., 2014 (http://clincancerres.aacrjournals.org/content/20/5/1125)",A*02:01,MHC _Class_I,no,,,,ALFTWTNLLVV,,,,706.171197364,342.121210509,,,AVFTWTNLLVV,,,,2233.10940168,1117.3262448,,
DIP2A,ALFTWTNLLV,8.9,AVFTWTNLLV,"Wick et al., 2014 (http://clincancerres.aacrjournals.org/content/20/5/1125)",A*02:01,MHC _Class_I,no,,,,ALFTWTNLLV,,,,11.1296113787,11.7983153505,1.38076555199,24.0,AVFTWTNLLV,,,,100.341363918,103.233345067,0.497081526282,18.0
DIP2A,ALFTWTNL,10,AVFTWTNL,"Wick et al., 2014 (http://clincancerres.aacrjournals.org/content/20/5/1125)",A*02:01,MHC _Class_I,no,,,,ALFTWTNL,,,,2361.6199016,2876.27230785,,,AVFTWTNL,,,,21291.6834128,18829.1189919,,
DIP2A,ALFTWTNLL,11.5,AVFTWTNLL,"Wick et al., 2014 (http://clincancerres.aacrjournals.org/content/20/5/1125)",A*02:01,MHC _Class_I,no,,,,ALFTWTNLL,,79.0408800007,6.60693448008e-05,23.3942970458,21.7485346081,0.552901858914,26.0,AVFTWTNLL,,6.91607700005,0.000527229861423,200.960174885,181.731411606,-0.415490806674,20.0
EIF3A,SSWHNADDDR,1220.6,SSWRNADDDR,"Wick et al., 2014 (http://clincancerres.aacrjournals.org/content/20/5/1125)",A*11:01,MHC _Class_I,no,,,,SSWHNADDDR,,,,2516.80750311,2727.90976225,-0.485312228526,21.0,SSWRNADDDR,,,,2635.42098645,2791.45094328,-0.382581355876,21.0
GOLGA2,AAYQRLTSEK,24.3,AAYQQLTSEK,"Wick et al., 2014 (http://clincancerres.aacrjournals.org/content/20/5/1125)",A*11:01,MHC _Class_I,no,,,,AAYQRLTSEK,,,,41.2904865071,44.4457255303,0.7075320964,14.0,AAYQQLTSEK,,,,41.8648943922,50.9131537869,0.716003978306,14.0
GOLGA2,YVAAYQRL,31.7,YVAAYQQL,"Wick et al., 2014 (http://clincancerres.aacrjournals.org/content/20/5/1125)",A*02:01,MHC _Class_I,no,,,,YVAAYQRL,,,,14328.8059098,10960.490753,,,YVAAYQQL,,,,16451.6703971,5872.59431015,,
GPR179,SADGGGLS,1101.8,SADRGGLS,"Wick et al., 2014 (http://clincancerres.aacrjournals.org/content/20/5/1125)",C*05:01,MHC _Class_I,no,,,,,,,,,,,,,,,,,,,
HIST2H2BE,GSKRAVTK,245.4,GSKKAVTK,"Wick et al., 2014 (http://clincancerres.aacrjournals.org/content/20/5/1125)",A*11:01,MHC _Class_I,no,,,,GSKRAVTK,,,,2752.70708079,10830.5372404,,,GSKKAVTK,,,,6497.70514652,15763.4037741,,
NUP210,SMSPVLHTENK,13.2,SMSPVLHTQNK,"Wick et al., 2014 (http://clincancerres.aacrjournals.org/content/20/5/1125)",A*11:01,MHC _Class_I,no,,,,SMSPVLHTENK,,,,133.690331447,286.747737558,,,SMSPVLHTQNK,,,,129.449387537,215.526164357,,
OR4A5,FLLLVAAMI,25.6,FLLLVVAMI,"Wick et al., 2014 (http://clincancerres.aacrjournals.org/content/20/5/1125)",A*02:01,MHC _Class_I,no,,,,FLLLVAAMI,,177.566256002,7.58577575029e-06,23.073315257,23.9017665334,0.370282215513,23.0,FLLLVVAMI,,408.402388805,7.24435960075e-06,11.2488985489,11.4401047225,0.710250927019,27.0
OR4A5,LLVAAMIGGFV,41.9,LLVVAMIGGFV,"Wick et al., 2014 (http://clincancerres.aacrjournals.org/content/20/5/1125)",A*02:01,MHC _Class_I,no,,,,LLVAAMIGGFV,,,,52.8335752007,27.3010908388,,,LLVVAMIGGFV,,,,860.815344647,223.964920315,,
PHEX,KADAKALLHI,24.4,KADAKPLLHI,"Wick et al., 2014 (http://clincancerres.aacrjournals.org/content/20/5/1125)",C*05:01,MHC _Class_I,no,,,,,,,,,,,,,,,,,,,
PHEX,KADAKALL,30.4,KADAKPLL,"Wick et al., 2014 (http://clincancerres.aacrjournals.org/content/20/5/1125)",C*05:01,MHC _Class_I,no,,,,,,,,,,,,,,,,,,,
PHEX,KADAKALLHIL,38.1,KADAKPLLHIL,"Wick et al., 2014 (http://clincancerres.aacrjournals.org/content/20/5/1125)",C*05:01,MHC _Class_I,no,,,,,,,,,,,,,,,,,,,
SEMA4D,IMVDGELY,96,VMVDGELY,"Wick et al., 2014 (http://clincancerres.aacrjournals.org/content/20/5/1125)",B*15:01,MHC _Class_I,no,,,,,,,,,,,,,,,,,,,
SPTAN1,KLCEANQQQQF,149.8,KLREANQQQQF,"Wick et al., 2014 (http://clincancerres.aacrjournals.org/content/20/5/1125)",B*15:01,MHC _Class_I,no,,,,,,,,,,,,,,,,,,,
ZNF366,RSKGDIGA,9231.4,RSKGDLGA,"Wick et al., 2014 (http://clincancerres.aacrjournals.org/content/20/5/1125)",C*03:03,MHC _Class_I,no,,,,,,,,,,,,,,,,,,,
ABCD2,RFQQLDTAIRL,23.6,RFEQLDTAIRL,"Wick et al., 2014 (http://clincancerres.aacrjournals.org/content/20/5/1125)",C*14:03,MHC _Class_I,no,,,,,,,,,,,,,,,,,,,
ABCD2,QQLDTAIRLTL,30.8,EQLDTAIRLTL,"Wick et al., 2014 (http://clincancerres.aacrjournals.org/content/20/5/1125)",B*39:01,MHC _Class_I,no,,,,,,,,,,,,,,,,,,,
ABCD2,RFQQLDTAI,38.7,RFEQLDTAI,"Wick et al., 2014 (http://clincancerres.aacrjournals.org/content/20/5/1125)",C*14:03,MHC _Class_I,no,,,,,,,,,,,,,,,,,,,
ABCD2,WRFQQLDTAI,39,WRFEQLDTAI,"Wick et al., 2014 (http://clincancerres.aacrjournals.org/content/20/5/1125)",B*39:01,MHC _Class_I,no,,,,,,,,,,,,,,,,,,,
ADNP2,HSRNTHLGK,4,HSRNRHLGK,"Wick et al., 2014 (http://clincancerres.aacrjournals.org/content/20/5/1125)",A*30:01,MHC _Class_I,no,,,,HSRNTHLGK,,,0.000123026877081,4.27533352174,4.40970970066,,,HSRNRHLGK,,,2.95120922667e-05,3.90813898392,3.93015790761,,
ADNP2,HSRNTHLGKK,5,HSRNRHLGKK,"Wick et al., 2014 (http://clincancerres.aacrjournals.org/content/20/5/1125)",A*30:01,MHC _Class_I,no,,,,HSRNTHLGKK,,,,1086.27553874,788.533230206,,,HSRNRHLGKK,,,,1438.59981462,1004.19949815,,
ADNP2,HSRNTHLGKKK,12,HSRNRHLGKKK,"Wick et al., 2014 (http://clincancerres.aacrjournals.org/content/20/5/1125)",A*30:01,MHC _Class_I,no,,,,,,,,,,,,,,,,,,,
CCDC144B,LLDNSTTGTDV,200.2,LLDNSTRGTDV,"Wick et al., 2014 (http://clincancerres.aacrjournals.org/content/20/5/1125)",A*02:01,MHC _Class_I,no,,,,LLDNSTTGTDV,,,,587.367618164,935.79344771,,,LLDNSTRGTDV,,,,2285.12520173,3665.89481791,,
CCDC150,KTQIKLHLSPK,5.9,KTQIKLHLSAK,"Wick et al., 2014 (http://clincancerres.aacrjournals.org/content/20/5/1125)",A*30:01,MHC _Class_I,no,,,,,,,,,,,,,,,,,,,
CCDC150,QIKLHLSPK,16.8,QIKLHLSAK,"Wick et al., 2014 (http://clincancerres.aacrjournals.org/content/20/5/1125)",A*30:01,MHC _Class_I,no,,,,QIKLHLSPK,,,0.000595662143529,107.639085662,98.0415119237,,,QIKLHLSAK,,,0.00110917481526,240.973896407,212.52498784,,
COPG,GSSPFQHLEK,75.4,GSNPFQHLEK,"Wick et al., 2014 (http://clincancerres.aacrjournals.org/content/20/5/1125)",A*30:01,MHC _Class_I,no,,,,GSSPFQHLEK,,,,499.965457425,417.657226334,,,GSNPFQHLEK,,,,383.654238039,270.906858421,,
CPXM2,SSKKVMRTK,8.4,SNKKVMRTK,"Wick et al., 2014 (http://clincancerres.aacrjournals.org/content/20/5/1125)",A*30:01,MHC _Class_I,no,,,,SSKKVMRTK,,,0.000716143410213,19.768330806,20.1099041213,,,SNKKVMRTK,,,0.00136458313659,137.078707228,126.59308981,,
CRTC2,SSLSSPQPQL,639.5,ASLSSPQPQL,"Wick et al., 2014 (http://clincancerres.aacrjournals.org/content/20/5/1125)",A*30:01,MHC _Class_I,no,,,,SSLSSPQPQL,,,,2517.32912186,3168.25405946,,,ASLSSPQPQL,,,,1016.10830262,1537.51726065,,
DNAJC11,QTRLKGSLK,7.2,QTRVKGSLK,"Wick et al., 2014 (http://clincancerres.aacrjournals.org/content/20/5/1125)",A*30:01,MHC _Class_I,no,,,,QTRLKGSLK,,,0.000108392691402,30.6175192806,29.6080632605,,,QTRVKGSLK,,,0.000216271852373,25.5840915216,25.0270695202,,
DNAJC11,FQDDDQTRL,44.6,FQDDDQTRV,"Wick et al., 2014 (http://clincancerres.aacrjournals.org/content/20/5/1125)",B*39:01,MHC _Class_I,no,,,,FQDDDQTRL,,18.0000000001,,95.3674125976,200.442587322,,13.0,FQDDDQTRV,,6.00000000001,,634.453795776,1218.96153098,,9.0
FAM178A,SMIPKAIESF,18.6,SMIPKARESF,"Wick et al., 2014 (http://clincancerres.aacrjournals.org/content/20/5/1125)",C*14:03,MHC _Class_I,no,,,,,,,,,,,,,,,,,,,
FAM178A,KAIESFLEK,22.3,KARESFLEK,"Wick et al., 2014 (http://clincancerres.aacrjournals.org/content/20/5/1125)",A*30:01,MHC _Class_I,no,,,,KAIESFLEK,,,8.51138038202e-06,66.0647810497,71.0247968176,,,KARESFLEK,,,8.91250938134e-07,3.62217976421,4.04026638323,,
FAM178A,SMIPKAIESFL,37.3,SMIPKARESFL,"Wick et al., 2014 (http://clincancerres.aacrjournals.org/content/20/5/1125)",A*02:01,MHC _Class_I,no,,,,SMIPKAIESFL,,,,153.783591745,27.1131514514,,,SMIPKARESFL,,,,1339.39909143,356.598900678,,
GPR112,KMVEAMATGI,13.8,KMVEAMATEI,"Wick et al., 2014 (http://clincancerres.aacrjournals.org/content/20/5/1125)",A*02:01,MHC _Class_I,no,,,,KMVEAMATGI,,,,161.986939444,179.398992612,-1.36499847536,20.0,KMVEAMATEI,,,,240.148567284,281.721505133,-1.27524829677,21.0
GRM1,KTNRIALILA,39.8,KTNRIARILA,"Wick et al., 2014 (http://clincancerres.aacrjournals.org/content/20/5/1125)",A*30:01,MHC _Class_I,no,,,,KTNRIALILA,,,,138.976061543,62.2042416727,,,KTNRIARILA,,,,106.154888867,26.7189876977,,
GRM1,RIALILAGSK,43.3,RIARILAGSK,"Wick et al., 2014 (http://clincancerres.aacrjournals.org/content/20/5/1125)",A*30:01,MHC _Class_I,no,,,,RIALILAGSK,,,,2013.44606279,1475.09503083,,,RIARILAGSK,,,,1367.53987993,930.72204351,,
HELB,RTGKAAGLL,144,PTGKAAGLL,"Wick et al., 2014 (http://clincancerres.aacrjournals.org/content/20/5/1125)",A*30:01,MHC _Class_I,no,,,,RTGKAAGLL,,,0.000461105178876,694.976308668,573.337040075,,,PTGKAAGLL,,,0.00454883307338,16031.3464625,14041.3867004,,
HMCN1,RPCPGDTTEV,3099.9,RPCPGDTTQV,"Wick et al., 2014 (http://clincancerres.aacrjournals.org/content/20/5/1125)",C*14:03,MHC _Class_I,no,,,,,,,,,,,,,,,,,,,
HSDL1,YMEAVALV,8.6,YMEALALV,"Wick et al., 2014 (http://clincancerres.aacrjournals.org/content/20/5/1125)",A*02:01,MHC _Class_I,no,,,,YMEAVALV,,,,2099.95505646,2551.70227017,,,YMEALALV,,,,2793.89448242,3074.89294468,,
HSDL1,MEAVALVGAW,17.7,MEALALVGAW,"Wick et al., 2014 (http://clincancerres.aacrjournals.org/content/20/5/1125)",B*44:03,MHC _Class_I,no,,,,MEAVALVGAW,,,,30.4137519794,41.7945833395,,,MEALALVGAW,,,,30.4137519794,44.2710680946,,
HSDL1,CYMEAVALV,22.6,CYMEALALV,"Wick et al., 2014 (http://clincancerres.aacrjournals.org/content/20/5/1125)",C*14:03,MHC _Class_I,no,,,,,,,,,,,,,,,,,,,
HSDL1,MEAVALVGAWY,26.8,MEALALVGAWY,"Wick et al., 2014 (http://clincancerres.aacrjournals.org/content/20/5/1125)",B*44:03,MHC _Class_I,no,,,,MEAVALVGAWY,,,,8338.92369769,4490.34800063,,,MEALALVGAWY,,,,6473.06547612,3910.92961478,,
KIAA1467,EEKAASSLVSY,104.5,EQKAASSLVSY,"Wick et al., 2014 (http://clincancerres.aacrjournals.org/content/20/5/1125)",B*44:03,MHC _Class_I,no,,,,EEKAASSLVSY,,,,1803.47447489,824.669627813,,,EQKAASSLVSY,,,,8493.95586411,3171.61161759,,
MARK2,RGRNSATSADK,7.5,RGRNSATSADE,"Wick et al., 2014 (http://clincancerres.aacrjournals.org/content/20/5/1125)",A*30:01,MHC _Class_I,no,,,,,,,,,,,,,,,,,,,
NACA2,LLMSQANV,7,LVMSQANV,"Wick et al., 2014 (http://clincancerres.aacrjournals.org/content/20/5/1125)",A*02:01,MHC _Class_I,no,,,,LLMSQANV,,,,365.771615115,1323.8232371,,,LVMSQANV,,,,3297.69131143,8666.22579076,,
NACA2,KLLMSQANV,34.6,KLVMSQANV,"Wick et al., 2014 (http://clincancerres.aacrjournals.org/content/20/5/1125)",A*02:01,MHC _Class_I,no,,,,KLLMSQANV,,900.698400016,5.88843655356e-05,36.8222226763,41.5365096903,0.545900327573,25.0,KLVMSQANV,,243.432000004,0.000123026877081,85.7254947006,94.2822634158,0.45868950882,23.0
NOX4,FWYTHNLIFVF,4.4,FWYTHNLFFVF,"Wick et al., 2014 (http://clincancerres.aacrjournals.org/content/20/5/1125)",C*14:03,MHC _Class_I,no,,,,,,,,,,,,,,,,,,,
NOX5,FWYTHNLIF,4.6,FWYTHNLFF,"Wick et al., 2014 (http://clincancerres.aacrjournals.org/content/20/5/1125)",C*14:03,MHC _Class_I,no,,,,,,,,,,,,,,,,,,,
NOX6,YTHNLIFVF,10.5,YTHNLFFVF,"Wick et al., 2014 (http://clincancerres.aacrjournals.org/content/20/5/1125)",C*14:03,MHC _Class_I,no,,,,,,,,,,,,,,,,,,,
NOX7,YTHNLIFVFYM,18.5,YTHNLFFVFYM,"Wick et al., 2014 (http://clincancerres.aacrjournals.org/content/20/5/1125)",C*14:03,MHC _Class_I,no,,,,,,,,,,,,,,,,,,,
NOX8,FWYTHNLI,21,FWYTHNLF,"Wick et al., 2014 (http://clincancerres.aacrjournals.org/content/20/5/1125)",C*14:03,MHC _Class_I,no,,,,,,,,,,,,,,,,,,,
NOX9,WYTHNLIFVF,25.7,WYTHNLFFVF,"Wick et al., 2014 (http://clincancerres.aacrjournals.org/content/20/5/1125)",C*14:03,MHC _Class_I,no,,,,,,,,,,,,,,,,,,,
NOX10,IFWYTHNLIF,29.3,IFWYTHNLFF,"Wick et al., 2014 (http://clincancerres.aacrjournals.org/content/20/5/1125)",C*14:03,MHC _Class_I,no,,,,,,,,,,,,,,,,,,,
NOX11,YTHNLIFV,29.4,YTHNLFFV,"Wick et al., 2014 (http://clincancerres.aacrjournals.org/content/20/5/1125)",A*02:01,MHC _Class_I,no,,,,YTHNLIFV,,,,9040.86532642,13990.3957607,,,YTHNLFFV,,,,6625.367912,11087.4072543,,
NOX12,FWYTHNLIFV,31.1,FWYTHNLFFV,"Wick et al., 2014 (http://clincancerres.aacrjournals.org/content/20/5/1125)",C*14:03,MHC _Class_I,no,,,,,,,,,,,,,,,,,,,
NOX13,THNLIFVFYML,35,THNLFFVFYML,"Wick et al., 2014 (http://clincancerres.aacrjournals.org/content/20/5/1125)",B*39:01,MHC _Class_I,no,,,,,,,,,,,,,,,,,,,
NOX14,WYTHNLIF,38.2,WYTHNLFF,"Wick et al., 2014 (http://clincancerres.aacrjournals.org/content/20/5/1125)",C*14:03,MHC _Class_I,no,,,,,,,,,,,,,,,,,,,
NOX15,NLIFVFYML,38.4,NLFFVFYML,"Wick et al., 2014 (http://clincancerres.aacrjournals.org/content/20/5/1125)",A*02:01,MHC _Class_I,no,,,,NLIFVFYML,,40.5885600004,0.000105438689639,36.5687402784,36.5956950513,0.423791332992,22.0,NLFFVFYML,,150.177672001,8.5703784523e-05,25.8886855203,25.8481818252,0.513583190508,21.0
NOX16,NLIFVFYM,46.1,NLFFVFYM,"Wick et al., 2014 (http://clincancerres.aacrjournals.org/content/20/5/1125)",A*02:01,MHC _Class_I,no,,,,NLIFVFYM,,,,551.074099943,471.87829332,,,NLFFVFYM,,,,278.105770331,249.361843521,,
OR4C11,IHYTAQIILAL,15,IHSTAQIILAL,"Wick et al., 2014 (http://clincancerres.aacrjournals.org/content/20/5/1125)",B*39:01,MHC _Class_I,no,,,,,,,,,,,,,,,,,,,
OR4C12,SLIHYTAQI,16.1,SLIHSTAQI,"Wick et al., 2014 (http://clincancerres.aacrjournals.org/content/20/5/1125)",A*02:01,MHC _Class_I,no,,,,SLIHYTAQI,,10.4328000001,0.000125892541179,47.9854973006,48.0208673508,0.287572695758,27.0,SLIHSTAQI,,10.4328000001,0.000144543977075,149.661467718,158.28144266,0.0763355687699,26.0
OR4C13,YTAQIILAL,21.2,STAQIILAL,"Wick et al., 2014 (http://clincancerres.aacrjournals.org/content/20/5/1125)",C*14:03,MHC _Class_I,no,,,,,,,,,,,,,,,,,,,
OR4C14,HYTAQIILAL,23.1,HYSAQIILAL,"Wick et al., 2014 (http://clincancerres.aacrjournals.org/content/20/5/1125)",C*14:03,MHC _Class_I,no,,,,,,,,,,,,,,,,,,,
OR4C15,IHYTAQIIL,23.9,IHSTAQIIL,"Wick et al., 2014 (http://clincancerres.aacrjournals.org/content/20/5/1125)",B*39:01,MHC _Class_I,no,,,,IHYTAQIIL,,180.0,,54.1252605515,49.4299305194,,24.0,IHSTAQIIL,,90.0,,95.5872571885,103.03623952,,25.0
OR4N4,FFCDVQQVIKL,269.2,FFCDVRQVIKL,"Wick et al., 2014 (http://clincancerres.aacrjournals.org/content/20/5/1125)",C*14:03,MHC _Class_I,no,,,,,,,,,,,,,,,,,,,
PRRT3,SEPQAFDVY,432.9,SEPQAFDVF,"Wick et al., 2014 (http://clincancerres.aacrjournals.org/content/20/5/1125)",B*44:03,MHC _Class_I,no,,,,SEPQAFDVY,,359.999999999,,378.869809848,367.891708616,,,SEPQAFDVF,,120.0,,678.406499431,609.144040935,,
PTPRB,SFRQERTVPDK,40.9,SFSQERTVPDK,"Wick et al., 2014 (http://clincancerres.aacrjournals.org/content/20/5/1125)",A*30:01,MHC _Class_I,no,,,,,,,,,,,,,,,,,,,
RCSD1,AVKDTPHSPPG,292,AVKETPHSPPG,"Wick et al., 2014 (http://clincancerres.aacrjournals.org/content/20/5/1125)",A*30:01,MHC _Class_I,no,,,,,,,,,,,,,,,,,,,
RGS6,FEDAQEHLYKL,88.4,FEDAQEHIYKL,"Wick et al., 2014 (http://clincancerres.aacrjournals.org/content/20/5/1125)",B*39:01,MHC _Class_I,no,,,,,,,,,,,,,,,,,,,
RSL1D1,KSPNPTTPRGK,112.7,KSPNPSTPRGK,"Wick et al., 2014 (http://clincancerres.aacrjournals.org/content/20/5/1125)",A*30:01,MHC _Class_I,no,,,,,,,,,,,,,,,,,,,
SLC41A2,VIVGSKNTGI,4554.8,VIVGSKKTGI,"Wick et al., 2014 (http://clincancerres.aacrjournals.org/content/20/5/1125)",A*02:01,MHC _Class_I,no,,,,VIVGSKNTGI,,,,3136.75067413,3465.93169831,-0.682067101573,20.0,VIVGSKKTGI,,,,6060.10292079,6321.49792909,-0.870534388777,20.0
SYNPO2,VTFDWDSGLV,164,VNFDWDSGLV,"Wick et al., 2014 (http://clincancerres.aacrjournals.org/content/20/5/1125)",A*02:01,MHC _Class_I,no,,,,VTFDWDSGLV,,,,538.86502915,553.120812309,-0.000710980106779,17.0,VNFDWDSGLV,,,,1033.90348687,928.581442211,-0.2019211296,13.0
TMEM2,YRNERRRLQEF,118.4,YRNESRRLQEF,"Wick et al., 2014 (http://clincancerres.aacrjournals.org/content/20/5/1125)",C*14:03,MHC _Class_I,no,,,,,,,,,,,,,,,,,,,
VRTN,LLGSGTSPAL,79.1,LLGSGTCPAL,"Wick et al., 2014 (http://clincancerres.aacrjournals.org/content/20/5/1125)",A*02:01,MHC _Class_I,no,,,,LLGSGTSPAL,,,,203.929474445,238.682182302,1.1563165855,24.0,LLGSGTCPAL,,,,167.293859296,190.467113422,1.73863108056,24.0
WNK1,CSRSSSLGNK,7.4,SSRSSSLGNK,"Wick et al., 2014 (http://clincancerres.aacrjournals.org/content/20/5/1125)",A*30:01,MHC _Class_I,no,,,,CSRSSSLGNK,,,,1318.07462724,870.602680553,,,SSRSSSLGNK,,,,1193.82316031,710.918801397,,
WNK2,KSKGSKCSR,33.7,KSKGSKSSR,"Wick et al., 2014 (http://clincancerres.aacrjournals.org/content/20/5/1125)",A*30:01,MHC _Class_I,no,,,,KSKGSKCSR,,,0.000727779804537,82.7884973469,83.6392250006,,,KSKGSKSSR,,,0.00107151930524,123.871101645,109.7513826,,
ZNF41,HLLSVEYQI,31.5,HLLSVGYQI,"Wick et al., 2014 (http://clincancerres.aacrjournals.org/content/20/5/1125)",A*02:01,MHC _Class_I,no,,,,HLLSVEYQI,,1.31244624001,7.16473282391e-06,99.795279765,94.7174505707,0.0975832072075,21.0,HLLSVGYQI,,1.31244624001,3.50913438359e-05,127.089596252,120.345540007,-0.186379551702,21.0
ZNF462,RTKIDEIASNL,29.6,RTRIDEIASNL,"Wick et al., 2014 (http://clincancerres.aacrjournals.org/content/20/5/1125)",A*30:01,MHC _Class_I,no,,,,,,,,,,,,,,,,,,,
ZNF608,KAPTTPEPNK,92.9,KAPSTPEPNK,"Wick et al., 2014 (http://clincancerres.aacrjournals.org/content/20/5/1125)",A*30:01,MHC _Class_I,no,,,,KAPTTPEPNK,,,,2599.80036266,3826.66108615,,,KAPSTPEPNK,,,,1879.05719752,3522.24855799,,
ZNF780B,FYFRNDSEC,386.2,FYFRNDSEY,"Wick et al., 2014 (http://clincancerres.aacrjournals.org/content/20/5/1125)",C*14:03,MHC _Class_I,no,,,,,,,,,,,,,,,,,,,
